filename,proj_no,hole_no,top_depth,bottom_depth,coord_x,coord_y,elevation
01016607-07_HB15-1_53.0m-58.0m.jpg,01016607-07,HB15-1,53.0,58.0,121.46727,25.024928,105.09
01016607-07_HB15-2S_54.0m-59.0m.jpg,01016607-07,HB15-2S,54.0,59.0,121.467122,25.025172,105.11
01016607-07_HB15-3_55.0m-60.0m.jpg,01016607-07,HB15-3,55.0,60.0,121.466964,25.025281,105.17
0101660704_HC08-3_55.0m-60.0m.jpg,0101660704,HC08-3,55.0,60.0,121.463669,25.031927,105.92
0101660706_HB04-3_0.0m-0.0m.jpg,0101660706,HB04-3,0.0,0.0,121.463245,25.016517,107.76
0101660706_HB05-1_0.0m-0.0m.jpg,0101660706,HB05-1,0.0,0.0,121.463543,25.016887,107.76
0101660706_HB05-2S_0.0m-0.0m.jpg,0101660706,HB05-2S,0.0,0.0,121.463762,25.017157,107.48
0101660706_HB05-3_0.0m-0.0m.jpg,0101660706,HB05-3,0.0,0.0,121.464,25.01712,107.42
0101660706_HB13-2S_0.0m-0.0m.jpg,0101660706,HB13-2S,0.0,0.0,121.467588,25.02276,106.43
0101660706_HB14-1_0.0m-0.0m.jpg,0101660706,HB14-1,0.0,0.0,121.467632,25.023907,105.66
0101660706_HB14-3_0.0m-0.0m.jpg,0101660706,HB14-3,0.0,0.0,121.487223,25.024313,105.21
0101660708_HB06-1_50.0m-55.0m.jpg,0101660708,HB06-1,50.0,55.0,121.464419,25.017949,107.0
0101660708_HB06-2S_50.0m-55.0m.jpg,0101660708,HB06-2S,50.0,55.0,121.464668,25.018265,107.02
0101660708_HB06-3_50.0m-55.0m.jpg,0101660708,HB06-3,50.0,55.0,121.464837,25.018463,106.96
0101660708_HB07-1_50.0m-55.0m.jpg,0101660708,HB07-1,50.0,55.0,121.464977,25.018643,106.94
0101660708_HB07-2S_50.0m-55.0m.jpg,0101660708,HB07-2S,50.0,55.0,121.465106,25.018814,106.85
0101660708_HB07-3_49.0m-54.0m.jpg,0101660708,HB07-3,49.0,54.0,121.465265,25.019012,106.61
0101660708_HB08-1_49.0m-54.0m.jpg,0101660708,HB08-1,49.0,54.0,121.465415,25.019192,106.69
0101660708_HB08-2S_49.0m-54.0m.jpg,0101660708,HB08-2S,49.0,54.0,121.465544,25.019363,106.43
0101660708_HB08-3_49.0m-54.0m.jpg,0101660708,HB08-3,49.0,54.0,121.465694,25.019534,106.53
0101660708_HB09-1_49.0m-54.0m.jpg,0101660708,HB09-1,49.0,54.0,121.465833,25.019696,106.35
0101660708_HB13-1_50.0m-55.0m.jpg,0101660708,HB13-1,50.0,55.0,121.467548,25.02249,106.11
0377500702507_E002-1_24.0m-40.0m.jpg,0377500702507,E002-1,24.0,40.0,121.527978,25.011337,5.76
0377500702507_E002-1_3.0m-15.0m.jpg,0377500702507,E002-1,3.0,15.0,121.527978,25.011337,5.76
0377500702507_E002-1_40.0m-50.0m.jpg,0377500702507,E002-1,40.0,50.0,121.527978,25.011337,5.76
0377500702507_E007-1_28.0m-44.0m.jpg,0377500702507,E007-1,28.0,44.0,121.611362,25.063344,7.24
0377500702507_E007-1_44.0m-50.0m.jpg,0377500702507,E007-1,44.0,50.0,121.611362,25.063344,7.24
0377500702507_E007-2_26.0m-42.0m.jpg,0377500702507,E007-2,26.0,42.0,121.612338,25.062877,6.35
0377500702507_E007-2_42.0m-50.0m.jpg,0377500702507,E007-2,42.0,50.0,121.612338,25.062877,6.35
0377500702507_E012-1_39.0m-50.0m.jpg,0377500702507,E012-1,39.0,50.0,121.582498,25.054224,6.25
0377500702507_E012-2_38.0m-50.0m.jpg,0377500702507,E012-2,38.0,50.0,121.583277,25.053158,4.85
0377500702507_E013-1_39.0m-50.0m.jpg,0377500702507,E013-1,39.0,50.0,121.5917,25.05954,7.85
0377500702507_E013-2_38.0m-50.0m.jpg,0377500702507,E013-2,38.0,50.0,121.592593,25.058653,6.95
0377500702507_E021-1_1.0m-16.0m.jpg,0377500702507,E021-1,1.0,16.0,121.542742,25.097429,6.58
0377500702507_E021-1_16.0m-32.0m.jpg,0377500702507,E021-1,16.0,32.0,121.542742,25.097429,6.58
0377500702507_E021-1_32.0m-35.0m.jpg,0377500702507,E021-1,32.0,35.0,121.542742,25.097429,6.58
0377500702507_E021-2_0.0m-16.0m.jpg,0377500702507,E021-2,0.0,16.0,121.542235,25.09765,6.85
0377500702507_E021-2_16.0m-30.0m.jpg,0377500702507,E021-2,16.0,30.0,121.542235,25.09765,6.85
0377500702507_E022-1_52.0m-60.0m.jpg,0377500702507,E022-1,52.0,60.0,121.513246,25.09872,2.93
0377500702507_E022-2_53.0m-60.0m.jpg,0377500702507,E022-2,53.0,60.0,121.513438,25.098119,2.81
0377500702507_E024-1_40.0m-50.0m.jpg,0377500702507,E024-1,40.0,50.0,121.526399,25.100381,3.11
0377500702507_E024-2_40.0m-50.0m.jpg,0377500702507,E024-2,40.0,50.0,121.526911,25.099891,3.74
0377500702507_E026-1_16.0m-32.0m.jpg,0377500702507,E026-1,16.0,32.0,121.537045,25.100363,4.85
0377500702507_E026-1_32.0m-40.0m.jpg,0377500702507,E026-1,32.0,40.0,121.537045,25.100363,4.85
0377500702507_E026-2_20.0m-35.0m.jpg,0377500702507,E026-2,20.0,35.0,121.536782,25.099995,5.56
037750071011000000_BH-1_46.0m-50.0m.jpg,037750071011000000,BH-1,46.0,50.0,121.581742,25.058208,9.7
03795904-10207_BH-1_0.0m-5.0m.jpg,03795904-10207,BH-1,0.0,5.0,121.593804,24.643343,234.39
03795904-10207_BH-1_10.0m-15.0m.jpg,03795904-10207,BH-1,10.0,15.0,121.593804,24.643343,234.39
03795904-10207_BH-1_15.0m-20.0m.jpg,03795904-10207,BH-1,15.0,20.0,121.593804,24.643343,234.39
03795904-10207_BH-1_20.0m-25.0m.jpg,03795904-10207,BH-1,20.0,25.0,121.593804,24.643343,234.39
03795904-10207_BH-1_25.0m-30.0m.jpg,03795904-10207,BH-1,25.0,30.0,121.593804,24.643343,234.39
03795904-10207_BH-1_30.0m-35.0m.jpg,03795904-10207,BH-1,30.0,35.0,121.593804,24.643343,234.39
03795904-10207_BH-1_35.0m-40.0m.jpg,03795904-10207,BH-1,35.0,40.0,121.593804,24.643343,234.39
03795904-10207_BH-1_40.0m-45.0m.jpg,03795904-10207,BH-1,40.0,45.0,121.593804,24.643343,234.39
03795904-10207_BH-1_45.0m-50.0m.jpg,03795904-10207,BH-1,45.0,50.0,121.593804,24.643343,234.39
03795904-10207_BH-1_5.0m-10.0m.jpg,03795904-10207,BH-1,5.0,10.0,121.593804,24.643343,234.39
03795904-10207_BH-2_0.0m-5.0m.jpg,03795904-10207,BH-2,0.0,5.0,121.594059,24.643561,219.8
03795904-10207_BH-2_10.0m-15.0m.jpg,03795904-10207,BH-2,10.0,15.0,121.594059,24.643561,219.8
03795904-10207_BH-2_15.0m-20.0m.jpg,03795904-10207,BH-2,15.0,20.0,121.594059,24.643561,219.8
03795904-10207_BH-2_20.0m-25.0m.jpg,03795904-10207,BH-2,20.0,25.0,121.594059,24.643561,219.8
03795904-10207_BH-2_25.0m-30.0m.jpg,03795904-10207,BH-2,25.0,30.0,121.594059,24.643561,219.8
03795904-10207_BH-2_30.0m-35.0m.jpg,03795904-10207,BH-2,30.0,35.0,121.594059,24.643561,219.8
03795904-10207_BH-2_35.0m-40.0m.jpg,03795904-10207,BH-2,35.0,40.0,121.594059,24.643561,219.8
03795904-10207_BH-2_40.0m-45.0m.jpg,03795904-10207,BH-2,40.0,45.0,121.594059,24.643561,219.8
03795904-10207_BH-2_45.0m-50.0m.jpg,03795904-10207,BH-2,45.0,50.0,121.594059,24.643561,219.8
03795904-10207_BH-2_5.0m-10.0m.jpg,03795904-10207,BH-2,5.0,10.0,121.594059,24.643561,219.8
03795904-10207_BH-3_0.0m-5.0m.jpg,03795904-10207,BH-3,0.0,5.0,121.594334,24.643795,189.7
03795904-10207_BH-3_10.0m-15.0m.jpg,03795904-10207,BH-3,10.0,15.0,121.594334,24.643795,189.7
03795904-10207_BH-3_15.0m-20.0m.jpg,03795904-10207,BH-3,15.0,20.0,121.594334,24.643795,189.7
03795904-10207_BH-3_20.0m-25.0m.jpg,03795904-10207,BH-3,20.0,25.0,121.594334,24.643795,189.7
03795904-10207_BH-3_25.0m-30.0m.jpg,03795904-10207,BH-3,25.0,30.0,121.594334,24.643795,189.7
03795904-10207_BH-3_30.0m-35.0m.jpg,03795904-10207,BH-3,30.0,35.0,121.594334,24.643795,189.7
03795904-10207_BH-3_35.0m-40.0m.jpg,03795904-10207,BH-3,35.0,40.0,121.594334,24.643795,189.7
03795904-10207_BH-3_40.0m-45.0m.jpg,03795904-10207,BH-3,40.0,45.0,121.594334,24.643795,189.7
03795904-10207_BH-3_45.0m-50.0m.jpg,03795904-10207,BH-3,45.0,50.0,121.594334,24.643795,189.7
03795904-10207_BH-3_5.0m-10.0m.jpg,03795904-10207,BH-3,5.0,10.0,121.594334,24.643795,189.7
03795904-10207_BH-4_0.0m-5.0m.jpg,03795904-10207,BH-4,0.0,5.0,121.594595,24.644022,174.0
03795904-10207_BH-4_10.0m-15.0m.jpg,03795904-10207,BH-4,10.0,15.0,121.594595,24.644022,174.0
03795904-10207_BH-4_15.0m-20.0m.jpg,03795904-10207,BH-4,15.0,20.0,121.594595,24.644022,174.0
03795904-10207_BH-4_20.0m-25.0m.jpg,03795904-10207,BH-4,20.0,25.0,121.594595,24.644022,174.0
03795904-10207_BH-4_25.0m-30.0m.jpg,03795904-10207,BH-4,25.0,30.0,121.594595,24.644022,174.0
03795904-10207_BH-4_30.0m-35.0m.jpg,03795904-10207,BH-4,30.0,35.0,121.594595,24.644022,174.0
03795904-10207_BH-4_35.0m-40.0m.jpg,03795904-10207,BH-4,35.0,40.0,121.594595,24.644022,174.0
03795904-10207_BH-4_40.0m-45.0m.jpg,03795904-10207,BH-4,40.0,45.0,121.594595,24.644022,174.0
03795904-10207_BH-4_45.0m-50.0m.jpg,03795904-10207,BH-4,45.0,50.0,121.594595,24.644022,174.0
03795904-10207_BH-4_5.0m-10.0m.jpg,03795904-10207,BH-4,5.0,10.0,121.594595,24.644022,174.0
03795904-10207_BH-5_0.0m-5.0m.jpg,03795904-10207,BH-5,0.0,5.0,121.615003,24.654897,172.5
03795904-10207_BH-5_10.0m-15.0m.jpg,03795904-10207,BH-5,10.0,15.0,121.615003,24.654897,172.5
03795904-10207_BH-5_15.0m-20.0m.jpg,03795904-10207,BH-5,15.0,20.0,121.615003,24.654897,172.5
03795904-10207_BH-5_20.0m-25.0m.jpg,03795904-10207,BH-5,20.0,25.0,121.615003,24.654897,172.5
03795904-10207_BH-5_25.0m-30.0m.jpg,03795904-10207,BH-5,25.0,30.0,121.615003,24.654897,172.5
03795904-10207_BH-5_30.0m-35.0m.jpg,03795904-10207,BH-5,30.0,35.0,121.615003,24.654897,172.5
03795904-10207_BH-5_35.0m-40.0m.jpg,03795904-10207,BH-5,35.0,40.0,121.615003,24.654897,172.5
03795904-10207_BH-5_40.0m-45.0m.jpg,03795904-10207,BH-5,40.0,45.0,121.615003,24.654897,172.5
03795904-10207_BH-5_45.0m-50.0m.jpg,03795904-10207,BH-5,45.0,50.0,121.615003,24.654897,172.5
03795904-10207_BH-5_5.0m-10.0m.jpg,03795904-10207,BH-5,5.0,10.0,121.615003,24.654897,172.5
03795904-10207_BH-6_0.0m-5.0m.jpg,03795904-10207,BH-6,0.0,5.0,121.615566,24.65566,174.5
03795904-10207_BH-6_10.0m-15.0m.jpg,03795904-10207,BH-6,10.0,15.0,121.615566,24.65566,174.5
03795904-10207_BH-6_15.0m-20.0m.jpg,03795904-10207,BH-6,15.0,20.0,121.615566,24.65566,174.5
03795904-10207_BH-6_20.0m-25.0m.jpg,03795904-10207,BH-6,20.0,25.0,121.615566,24.65566,174.5
03795904-10207_BH-6_25.0m-30.0m.jpg,03795904-10207,BH-6,25.0,30.0,121.615566,24.65566,174.5
03795904-10207_BH-6_30.0m-35.0m.jpg,03795904-10207,BH-6,30.0,35.0,121.615566,24.65566,174.5
03795904-10207_BH-6_35.0m-40.0m.jpg,03795904-10207,BH-6,35.0,40.0,121.615566,24.65566,174.5
03795904-10207_BH-6_40.0m-45.0m.jpg,03795904-10207,BH-6,40.0,45.0,121.615566,24.65566,174.5
03795904-10207_BH-6_45.0m-50.0m.jpg,03795904-10207,BH-6,45.0,50.0,121.615566,24.65566,174.5
03795904-10207_BH-6_5.0m-10.0m.jpg,03795904-10207,BH-6,5.0,10.0,121.615566,24.65566,174.5
03795904-10207_BH-7_0.0m-5.0m.jpg,03795904-10207,BH-7,0.0,5.0,121.616423,24.655276,142.15
03795904-10207_BH-7_10.0m-15.0m.jpg,03795904-10207,BH-7,10.0,15.0,121.616423,24.655276,142.15
03795904-10207_BH-7_15.0m-20.0m.jpg,03795904-10207,BH-7,15.0,20.0,121.616423,24.655276,142.15
03795904-10207_BH-7_20.0m-25.0m.jpg,03795904-10207,BH-7,20.0,25.0,121.616423,24.655276,142.15
03795904-10207_BH-7_25.0m-30.0m.jpg,03795904-10207,BH-7,25.0,30.0,121.616423,24.655276,142.15
03795904-10207_BH-7_30.0m-35.0m.jpg,03795904-10207,BH-7,30.0,35.0,121.616423,24.655276,142.15
03795904-10207_BH-7_35.0m-40.0m.jpg,03795904-10207,BH-7,35.0,40.0,121.616423,24.655276,142.15
03795904-10207_BH-7_40.0m-45.0m.jpg,03795904-10207,BH-7,40.0,45.0,121.616423,24.655276,142.15
03795904-10207_BH-7_45.0m-50.0m.jpg,03795904-10207,BH-7,45.0,50.0,121.616423,24.655276,142.15
03795904-10207_BH-7_5.0m-10.0m.jpg,03795904-10207,BH-7,5.0,10.0,121.616423,24.655276,142.15
03795904-10207_BH-8_0.0m-5.0m.jpg,03795904-10207,BH-8,0.0,5.0,121.616551,24.655153,134.5
03795904-10207_BH-8_10.0m-15.0m.jpg,03795904-10207,BH-8,10.0,15.0,121.616551,24.655153,134.5
03795904-10207_BH-8_15.0m-20.0m.jpg,03795904-10207,BH-8,15.0,20.0,121.616551,24.655153,134.5
03795904-10207_BH-8_20.0m-25.0m.jpg,03795904-10207,BH-8,20.0,25.0,121.616551,24.655153,134.5
03795904-10207_BH-8_25.0m-30.0m.jpg,03795904-10207,BH-8,25.0,30.0,121.616551,24.655153,134.5
03795904-10207_BH-8_30.0m-35.0m.jpg,03795904-10207,BH-8,30.0,35.0,121.616551,24.655153,134.5
03795904-10207_BH-8_35.0m-40.0m.jpg,03795904-10207,BH-8,35.0,40.0,121.616551,24.655153,134.5
03795904-10207_BH-8_40.0m-45.0m.jpg,03795904-10207,BH-8,40.0,45.0,121.616551,24.655153,134.5
03795904-10207_BH-8_45.0m-50.0m.jpg,03795904-10207,BH-8,45.0,50.0,121.616551,24.655153,134.5
03795904-10207_BH-8_5.0m-10.0m.jpg,03795904-10207,BH-8,5.0,10.0,121.616551,24.655153,134.5
04123187T107003_AH-11_23.7m-27.0m.jpg,04123187T107003,AH-11,23.7,27.0,121.582158,25.038239,8.28
04123187T107003_AH-1_20.5m-25.0m.jpg,04123187T107003,AH-1,20.5,25.0,121.582342,25.038025,8.4
04123187T107003_AH-1_25.0m-28.8m.jpg,04123187T107003,AH-1,25.0,28.8,121.582342,25.038025,8.4
04123187T107003_AH-2_19.0m-24.0m.jpg,04123187T107003,AH-2,19.0,24.0,121.582416,25.037884,8.78
04123187T107003_AH-2_24.0m-27.0m.jpg,04123187T107003,AH-2,24.0,27.0,121.582416,25.037884,8.78
04123187T107003_AH-2_27.0m-30.0m.jpg,04123187T107003,AH-2,27.0,30.0,121.582416,25.037884,8.78
04123187T107003_AH-3_17.0m-22.0m.jpg,04123187T107003,AH-3,17.0,22.0,121.582127,25.037836,8.7
04123187T107003_AH-3_22.0m-23.6m.jpg,04123187T107003,AH-3,22.0,23.6,121.582127,25.037836,8.7
100466240991262064_B3-01_0.0m-12.0m.jpg,100466240991262064,B3-01,0.0,12.0,121.356694,24.954982,51.27
100466240991262064_B4-01_0.0m-10.0m.jpg,100466240991262064,B4-01,0.0,10.0,121.372807,24.931496,35.55
100466240991262064_B4-02_0.0m-10.0m.jpg,100466240991262064,B4-02,0.0,10.0,121.371097,24.927515,37.24
100466240991262064_B5-01_0.0m-10.0m.jpg,100466240991262064,B5-01,0.0,10.0,121.342153,24.955645,56.32
100466240991262064_B5-02_0.0m-10.0m.jpg,100466240991262064,B5-02,0.0,10.0,121.344228,24.950118,60.9
100466240991262064_B5-03_0.0m-10.0m.jpg,100466240991262064,B5-03,0.0,10.0,121.337753,24.948645,69.84
100466240991262064_B6-01_0.0m-16.0m.jpg,100466240991262064,B6-01,0.0,16.0,121.375377,24.933107,33.74
100466240991262064_B6-02_0.0m-10.0m.jpg,100466240991262064,B6-02,0.0,10.0,121.367627,24.927897,40.52
100466240991262064_B7-01_0.0m-10.0m.jpg,100466240991262064,B7-01,0.0,10.0,121.340268,24.936176,56.34
100466240991262064_B7-02_0.0m-10.0m.jpg,100466240991262064,B7-02,0.0,10.0,121.337912,24.940841,58.27
100466240991262064_B7-03_0.0m-10.0m.jpg,100466240991262064,B7-03,0.0,10.0,121.347914,24.949219,47.02
100466240991262064_B7-04_0.0m-10.0m.jpg,100466240991262064,B7-04,0.0,10.0,121.334168,24.93891,62.55
100466240991262064_B7-05_0.0m-10.0m.jpg,100466240991262064,B7-05,0.0,10.0,121.335922,24.941687,58.76
100466240991262064_B7-06_0.0m-10.0m.jpg,100466240991262064,B7-06,0.0,10.0,121.329279,24.933582,65.62
100466240991262064_B7-07_0.0m-10.0m.jpg,100466240991262064,B7-07,0.0,10.0,121.336536,24.934158,57.61
100466240991262064_B8-01_0.0m-10.0m.jpg,100466240991262064,B8-01,0.0,10.0,121.338324,24.977295,131.75
100466240991262064_B8-02_0.0m-10.0m.jpg,100466240991262064,B8-02,0.0,10.0,121.337461,24.974678,109.94
100466240991262064_BB-01_0.0m-18.0m.jpg,100466240991262064,BB-01,0.0,18.0,121.370011,24.938717,37.76
100466240991262064_BB-02_0.0m-20.0m.jpg,100466240991262064,BB-02,0.0,20.0,121.364929,24.938719,40.97
100466240991262064_BB-02_20.0m-21.0m.jpg,100466240991262064,BB-02,20.0,21.0,121.364929,24.938719,40.97
100466240991262064_BB-03_0.0m-20.0m.jpg,100466240991262064,BB-03,0.0,20.0,121.360861,24.938364,43.76
100466240991262064_BB-03_20.0m-25.0m.jpg,100466240991262064,BB-03,20.0,25.0,121.360861,24.938364,43.76
100466240991262064_BB-04_0.0m-20.0m.jpg,100466240991262064,BB-04,0.0,20.0,121.354248,24.943772,43.17
100466240991262064_BB-04_20.0m-28.0m.jpg,100466240991262064,BB-04,20.0,28.0,121.354248,24.943772,43.17
100466240991262064_BB-05_0.0m-20.0m.jpg,100466240991262064,BB-05,0.0,20.0,121.353197,24.946238,46.02
100466240991262064_BB-05_20.0m-28.0m.jpg,100466240991262064,BB-05,20.0,28.0,121.353197,24.946238,46.02
100466240991262064_BB-06_0.0m-20.0m.jpg,100466240991262064,BB-06,0.0,20.0,121.358032,24.951068,40.13
100466240991262064_BB-06_20.0m-28.0m.jpg,100466240991262064,BB-06,20.0,28.0,121.358032,24.951068,40.13
100466240991262064_BB-08_0.0m-20.0m.jpg,100466240991262064,BB-08,0.0,20.0,121.371333,24.957842,28.64
100466240991262064_BB-08_20.0m-25.0m.jpg,100466240991262064,BB-08,20.0,25.0,121.371333,24.957842,28.64
100466240991262064_BB-09_0.0m-20.0m.jpg,100466240991262064,BB-09,0.0,20.0,121.376406,24.960971,30.08
100466240991262064_BB-09_20.0m-25.0m.jpg,100466240991262064,BB-09,20.0,25.0,121.376406,24.960971,30.08
100466240991262064_BE-02_0.0m-15.0m.jpg,100466240991262064,BE-02,0.0,15.0,121.383498,24.951564,31.58
100466240991262064_BE-03_0.0m-17.0m.jpg,100466240991262064,BE-03,0.0,17.0,121.376235,24.949806,34.59
100466240991262064_BE-04_0.0m-20.0m.jpg,100466240991262064,BE-04,0.0,20.0,121.371673,24.94796,36.81
100466240991262064_BE-05_12.0m-24.0m.jpg,100466240991262064,BE-05,12.0,24.0,121.363968,24.943068,40.76
100466240991262064_BE-06_0.0m-20.0m.jpg,100466240991262064,BE-06,0.0,20.0,121.356868,24.940789,45.69
100466240991262064_BE-06_20.0m-27.0m.jpg,100466240991262064,BE-06,20.0,27.0,121.356868,24.940789,45.69
100466240991262064_BH-01_19.0m-30.0m.jpg,100466240991262064,BH-01,19.0,30.0,121.360606,24.954806,38.71
100466240991262064_BH-02_0.0m-20.0m.jpg,100466240991262064,BH-02,0.0,20.0,121.360818,24.954945,38.62
100466240991262064_BH-02_20.0m-30.0m.jpg,100466240991262064,BH-02,20.0,30.0,121.360818,24.954945,38.62
100466240991262064_BH-04_0.0m-20.0m.jpg,100466240991262064,BH-04,0.0,20.0,121.360664,24.954734,38.7
100466240991262064_BH-04_20.0m-30.0m.jpg,100466240991262064,BH-04,20.0,30.0,121.360664,24.954734,38.7
100466240991262064_BH-05_0.0m-20.0m.jpg,100466240991262064,BH-05,0.0,20.0,121.360875,24.954872,38.56
100466240991262064_BH-05_20.0m-30.0m.jpg,100466240991262064,BH-05,20.0,30.0,121.360875,24.954872,38.56
100466240991262064_BH-06_0.0m-20.0m.jpg,100466240991262064,BH-06,0.0,20.0,121.361076,24.955003,38.49
100466240991262064_BH-07_0.0m-15.0m.jpg,100466240991262064,BH-07,0.0,15.0,121.360843,24.95447,38.76
100466240991262064_BH-08_0.0m-15.0m.jpg,100466240991262064,BH-08,0.0,15.0,121.361267,24.954789,38.29
100466240991262064_BH-09_0.0m-15.0m.jpg,100466240991262064,BH-09,0.0,15.0,121.361064,24.954132,38.81
100466240991262064_BH-10_0.0m-15.0m.jpg,100466240991262064,BH-10,0.0,15.0,121.361543,24.954434,38.11
100466240991262064_BH-11_0.0m-15.0m.jpg,100466240991262064,BH-11,0.0,15.0,121.361468,24.953679,38.58
100466240991262064_BH-14_0.0m-15.0m.jpg,100466240991262064,BH-14,0.0,15.0,121.36299700000001,24.955124,37.85
100466240991262064_BH-15_0.0m-15.0m.jpg,100466240991262064,BH-15,0.0,15.0,121.363047,24.954633,36.47
100466240991262064_BH-17_16.0m-30.0m.jpg,100466240991262064,BH-17,16.0,30.0,121.359894,24.954703,37.02
100466240991262064_BH-18_20.0m-30.0m.jpg,100466240991262064,BH-18,20.0,30.0,121.360138,24.954393,39.0
100466240991262064_BH-19_0.0m-15.0m.jpg,100466240991262064,BH-19,0.0,15.0,121.361531,24.954954999999998,38.16
100466240991262064_BH-22_0.0m-15.0m.jpg,100466240991262064,BH-22,0.0,15.0,121.362222,24.954869,38.1
100466240991262064_BH-23_0.0m-15.0m.jpg,100466240991262064,BH-23,0.0,15.0,121.362172,24.954156,38.0
1225788915030_BH-1_4.0m-5.0m.jpg,1225788915030,BH-1,4.0,5.0,121.516763,25.129071,157.03
1225788915030_BH-1_5.0m-10.0m.jpg,1225788915030,BH-1,5.0,10.0,121.516763,25.129071,157.03
1225788915030_BH-2_2.0m-5.0m.jpg,1225788915030,BH-2,2.0,5.0,121.516709,25.12901,154.37
1225788915030_BH-2_5.0m-10.0m.jpg,1225788915030,BH-2,5.0,10.0,121.516709,25.12901,154.37
1225788915030_BH-3_3.0m-5.0m.jpg,1225788915030,BH-3,3.0,5.0,121.51661,25.129056,157.01
1225788915030_BH-3_5.0m-10.0m.jpg,1225788915030,BH-3,5.0,10.0,121.51661,25.129056,157.01
1225788915030_D-1_0.0m-4.0m.jpg,1225788915030,D-1,0.0,4.0,121.516722,25.129058,156.89
1225788915030_D-1_12.0m-16.0m.jpg,1225788915030,D-1,12.0,16.0,121.516722,25.129058,156.89
1225788915030_D-1_16.0m-20.0m.jpg,1225788915030,D-1,16.0,20.0,121.516722,25.129058,156.89
1225788915030_D-1_20.0m-24.0m.jpg,1225788915030,D-1,20.0,24.0,121.516722,25.129058,156.89
1225788915030_D-1_24.0m-28.0m.jpg,1225788915030,D-1,24.0,28.0,121.516722,25.129058,156.89
1225788915030_D-1_28.0m-30.0m.jpg,1225788915030,D-1,28.0,30.0,121.516722,25.129058,156.89
1225788915030_D-1_4.0m-8.0m.jpg,1225788915030,D-1,4.0,8.0,121.516722,25.129058,156.89
1225788915030_D-1_8.0m-12.0m.jpg,1225788915030,D-1,8.0,12.0,121.516722,25.129058,156.89
1225788915030_D-2_0.0m-4.0m.jpg,1225788915030,D-2,0.0,4.0,121.516596,25.129062,157.0
1225788915030_D-2_12.0m-16.0m.jpg,1225788915030,D-2,12.0,16.0,121.516596,25.129062,157.0
1225788915030_D-2_16.0m-20.0m.jpg,1225788915030,D-2,16.0,20.0,121.516596,25.129062,157.0
1225788915030_D-2_20.0m-24.0m.jpg,1225788915030,D-2,20.0,24.0,121.516596,25.129062,157.0
1225788915030_D-2_24.0m-28.0m.jpg,1225788915030,D-2,24.0,28.0,121.516596,25.129062,157.0
1225788915030_D-2_28.0m-30.0m.jpg,1225788915030,D-2,28.0,30.0,121.516596,25.129062,157.0
1225788915030_D-2_4.0m-8.0m.jpg,1225788915030,D-2,4.0,8.0,121.516596,25.129062,157.0
1225788915030_D-2_8.0m-12.0m.jpg,1225788915030,D-2,8.0,12.0,121.516596,25.129062,157.0
24498346-102GQ060_BH-1_0.0m-5.0m.jpg,24498346-102GQ060,BH-1,0.0,5.0,121.54526,25.131129,409.09
24498346-102GQ060_BH-1_10.0m-15.0m.jpg,24498346-102GQ060,BH-1,10.0,15.0,121.54526,25.131129,409.09
24498346-102GQ060_BH-1_15.0m-20.0m.jpg,24498346-102GQ060,BH-1,15.0,20.0,121.54526,25.131129,409.09
24498346-102GQ060_BH-1_20.0m-25.0m.jpg,24498346-102GQ060,BH-1,20.0,25.0,121.54526,25.131129,409.09
24498346-102GQ060_BH-1_25.0m-30.0m.jpg,24498346-102GQ060,BH-1,25.0,30.0,121.54526,25.131129,409.09
24498346-102GQ060_BH-1_5.0m-10.0m.jpg,24498346-102GQ060,BH-1,5.0,10.0,121.54526,25.131129,409.09
24498346-102GQ060_BH-2_0.0m-5.0m.jpg,24498346-102GQ060,BH-2,0.0,5.0,121.545435,25.131194,395.97
24498346-102GQ060_BH-2_10.0m-15.0m.jpg,24498346-102GQ060,BH-2,10.0,15.0,121.545435,25.131194,395.97
24498346-102GQ060_BH-2_15.0m-20.0m.jpg,24498346-102GQ060,BH-2,15.0,20.0,121.545435,25.131194,395.97
24498346-102GQ060_BH-2_5.0m-10.0m.jpg,24498346-102GQ060,BH-2,5.0,10.0,121.545435,25.131194,395.97
284125501040416_BH-1_0.0m-15.0m.jpg,284125501040416,BH-1,0.0,15.0,121.250524,25.08762,23.16
284125501040416_BH-2_0.0m-10.0m.jpg,284125501040416,BH-2,0.0,10.0,121.250614,25.087692,23.2
284125501040416_BH-3_0.0m-15.0m.jpg,284125501040416,BH-3,0.0,15.0,121.250752,25.087484,23.27
284125501040416_BH-4_0.0m-10.0m.jpg,284125501040416,BH-4,0.0,10.0,121.250762,25.087403,23.14
284125501040416_BH-5_0.0m-15.0m.jpg,284125501040416,BH-5,0.0,15.0,121.250821,25.087322,23.13
52697649B104-10_BH-5_0.0m-4.0m.jpg,52697649B104-10,BH-5,0.0,4.0,120.801908,23.726908,785.5
52697649B104-10_BH-5_12.0m-16.0m.jpg,52697649B104-10,BH-5,12.0,16.0,120.801908,23.726908,785.5
52697649B104-10_BH-5_16.0m-20.0m.jpg,52697649B104-10,BH-5,16.0,20.0,120.801908,23.726908,785.5
52697649B104-10_BH-5_20.0m-24.0m.jpg,52697649B104-10,BH-5,20.0,24.0,120.801908,23.726908,785.5
52697649B104-10_BH-5_24.0m-28.0m.jpg,52697649B104-10,BH-5,24.0,28.0,120.801908,23.726908,785.5
52697649B104-10_BH-5_28.0m-30.0m.jpg,52697649B104-10,BH-5,28.0,30.0,120.801908,23.726908,785.5
52697649B104-10_BH-5_4.0m-8.0m.jpg,52697649B104-10,BH-5,4.0,8.0,120.801908,23.726908,785.5
52697649B104-10_BH-5_8.0m-12.0m.jpg,52697649B104-10,BH-5,8.0,12.0,120.801908,23.726908,785.5
52697649B104-10_BH-6_0.0m-4.0m.jpg,52697649B104-10,BH-6,0.0,4.0,120.802291,23.726737,782.2
52697649B104-10_BH-6_12.0m-16.0m.jpg,52697649B104-10,BH-6,12.0,16.0,120.802291,23.726737,782.2
52697649B104-10_BH-6_16.0m-20.0m.jpg,52697649B104-10,BH-6,16.0,20.0,120.802291,23.726737,782.2
52697649B104-10_BH-6_20.0m-24.0m.jpg,52697649B104-10,BH-6,20.0,24.0,120.802291,23.726737,782.2
52697649B104-10_BH-6_24.0m-28.0m.jpg,52697649B104-10,BH-6,24.0,28.0,120.802291,23.726737,782.2
52697649B104-10_BH-6_28.0m-32.0m.jpg,52697649B104-10,BH-6,28.0,32.0,120.802291,23.726737,782.2
52697649B104-10_BH-6_32.0m-36.0m.jpg,52697649B104-10,BH-6,32.0,36.0,120.802291,23.726737,782.2
52697649B104-10_BH-6_36.0m-40.0m.jpg,52697649B104-10,BH-6,36.0,40.0,120.802291,23.726737,782.2
52697649B104-10_BH-6_4.0m-8.0m.jpg,52697649B104-10,BH-6,4.0,8.0,120.802291,23.726737,782.2
52697649B104-10_BH-6_8.0m-12.0m.jpg,52697649B104-10,BH-6,8.0,12.0,120.802291,23.726737,782.2
52697649B104-10_BH-8_0.0m-4.0m.jpg,52697649B104-10,BH-8,0.0,4.0,120.799739,23.727564,796.8
52697649B104-10_BH-8_12.0m-16.0m.jpg,52697649B104-10,BH-8,12.0,16.0,120.799739,23.727564,796.8
52697649B104-10_BH-8_16.0m-20.0m.jpg,52697649B104-10,BH-8,16.0,20.0,120.799739,23.727564,796.8
52697649B104-10_BH-8_20.0m-24.0m.jpg,52697649B104-10,BH-8,20.0,24.0,120.799739,23.727564,796.8
52697649B104-10_BH-8_24.0m-28.0m.jpg,52697649B104-10,BH-8,24.0,28.0,120.799739,23.727564,796.8
52697649B104-10_BH-8_28.0m-32.0m.jpg,52697649B104-10,BH-8,28.0,32.0,120.799739,23.727564,796.8
52697649B104-10_BH-8_32.0m-36.0m.jpg,52697649B104-10,BH-8,32.0,36.0,120.799739,23.727564,796.8
52697649B104-10_BH-8_36.0m-40.0m.jpg,52697649B104-10,BH-8,36.0,40.0,120.799739,23.727564,796.8
52697649B104-10_BH-8_4.0m-8.0m.jpg,52697649B104-10,BH-8,4.0,8.0,120.799739,23.727564,796.8
52697649B104-10_BH-8_40.0m-44.0m.jpg,52697649B104-10,BH-8,40.0,44.0,120.799739,23.727564,796.8
52697649B104-10_BH-8_44.0m-48.0m.jpg,52697649B104-10,BH-8,44.0,48.0,120.799739,23.727564,796.8
52697649B104-10_BH-8_48.0m-52.0m.jpg,52697649B104-10,BH-8,48.0,52.0,120.799739,23.727564,796.8
52697649B104-10_BH-8_52.0m-56.0m.jpg,52697649B104-10,BH-8,52.0,56.0,120.799739,23.727564,796.8
52697649B104-10_BH-8_8.0m-12.0m.jpg,52697649B104-10,BH-8,8.0,12.0,120.799739,23.727564,796.8
